URL,Film Name,Screening type,Date,Time,Venue,City
https://festival.sundance.org/program/film/656a0160fac9f43f31c04124,10 Lives,Premiere,Jan 20,12:30 PM MST,Prospector Square Theatre,Park City
https://festival.sundance.org/program/film/656a0160fac9f43f31c04124,10 Lives,Screening,Jan 21,11:00 AM MST,Megaplex Theatres at The Gateway - Theater 1/2/3,Salt Lake City
https://festival.sundance.org/program/film/656a0160fac9f43f31c04124,10 Lives,Screening,Jan 27,9:45 AM MST,Broadway Centre Cinemas - 6,Salt Lake City
https://festival.sundance.org/program/film/6569fdd1fac9f4917fc03a15,A Different Man,Premiere,Jan 21,8:00 PM MST,Eccles Theatre,Park City
https://festival.sundance.org/program/film/6569fdd1fac9f4917fc03a15,A Different Man,Screening,Jan 22,9:00 AM MST,Eccles Theatre,Park City
https://festival.sundance.org/program/film/6569fdd1fac9f4917fc03a15,A Different Man,Screening,Jan 25,9:15 PM MST,Rose Wagner Center,Salt Lake City
https://festival.sundance.org/program/film/6569fdd1fac9f4917fc03a15,A Different Man,Screening,Jan 26,5:00 PM MST,Redstone Cinemas - 1,Park City
https://festival.sundance.org/program/film/6569fdd1fac9f4917fc03a15,A Different Man,Screening,Jan 28,4:30 PM MST,Holiday Village Cinemas - 2,Park City
https://festival.sundance.org/program/film/6569ffe2fac9f4e1f9c03d7d,A New Kind of Wilderness,Premiere,Jan 19,3:15 PM MST,Egyptian Theatre,Park City
https://festival.sundance.org/program/film/6569ffe2fac9f4e1f9c03d7d,A New Kind of Wilderness,Screening,Jan 20,2:00 PM MST,Redstone Cinemas - 1,Park City
https://festival.sundance.org/program/film/6569ffe2fac9f4e1f9c03d7d,A New Kind of Wilderness,Screening,Jan 21,11:00 AM MST,Broadway Centre Cinemas - 6,Salt Lake City
https://festival.sundance.org/program/film/6569ffe2fac9f4e1f9c03d7d,A New Kind of Wilderness,Screening,Jan 25,10:30 AM MST,Holiday Village Cinemas - 1,Park City
https://festival.sundance.org/program/film/6569ffe2fac9f4e1f9c03d7d,A New Kind of Wilderness,Screening,Jan 26,2:00 PM MST,Redstone Cinemas - 1,Park City
https://festival.sundance.org/program/film/656a0138fac9f4af54c04069,A Real Pain,Premiere,Jan 20,11:45 AM MST,Eccles Theatre,Park City
https://festival.sundance.org/program/film/656a0138fac9f4af54c04069,A Real Pain,Screening,Jan 21,9:30 AM MST,Eccles Theatre,Park City
https://festival.sundance.org/program/film/656a0138fac9f4af54c04069,A Real Pain,Screening,Jan 23,9:30 PM MST,Rose Wagner Center,Salt Lake City
https://festival.sundance.org/program/film/656a0138fac9f4af54c04069,A Real Pain,Screening,Jan 24,5:30 PM MST,Redstone Cinemas - 2,Park City
https://festival.sundance.org/program/film/656a0138fac9f4af54c04069,A Real Pain,Screening,Jan 26,6:00 PM MST,Megaplex Theatres at The Gateway - Theater 1/2/3,Salt Lake City
https://festival.sundance.org/program/film/6569ff6afac9f4c02ec03c23,Agent of Happiness,Premiere,Jan 19,12:15 PM MST,Egyptian Theatre,Park City
https://festival.sundance.org/program/film/6569ff6afac9f4c02ec03c23,Agent of Happiness,Screening,Jan 20,11:00 AM MST,Redstone Cinemas - 1,Park City
https://festival.sundance.org/program/film/6569ff6afac9f4c02ec03c23,Agent of Happiness,Screening,Jan 20,4:30 PM MST,Megaplex Theatres at The Gateway - Theater 6,Salt Lake City
https://festival.sundance.org/program/film/6569ff6afac9f4c02ec03c23,Agent of Happiness,Screening,Jan 25,1:15 PM MST,Library Center Theatre,Park City
https://festival.sundance.org/program/film/6569ff6afac9f4c02ec03c23,Agent of Happiness,Screening,Jan 26,5:45 PM MST,Broadway Centre Cinemas - 6,Salt Lake City
https://festival.sundance.org/program/film/65761bea27759067a1c981e6,Alfred P. Sloan Feature Film Prize - Love Me,Award Winner,Jan 27,9:00 AM MST,The Ray Theatre,Park City
https://festival.sundance.org/program/film/6569fd4ffac9f4221ec03966,And So It Begins,Premiere,Jan 22,6:30 PM MST,The Ray Theatre,Park City
https://festival.sundance.org/program/film/6569fd4ffac9f4221ec03966,And So It Begins,Screening,Jan 23,12:00 PM MST,Redstone Cinemas - 7,Park City
https://festival.sundance.org/program/film/6569fd4ffac9f4221ec03966,And So It Begins,Screening,Jan 25,6:30 PM MST,Megaplex Theatres at The Gateway - Theater 8/9,Salt Lake City
https://festival.sundance.org/program/film/6569fd4ffac9f4221ec03966,And So It Begins,Screening,Jan 27,9:30 AM MST,Library Center Theatre,Park City
https://festival.sundance.org/program/film/6569fd4ffac9f4221ec03966,And So It Begins,Screening,Jan 28,12:00 PM MST,Broadway Centre Cinemas - 3,Salt Lake City
https://festival.sundance.org/program/short-info/656e245aec4ed04276af2941,Animated Short Film Program,Premiere,Jan 19,6:15 PM  MST,Egyptian Theatre,Park City
https://festival.sundance.org/program/short-info/656e245aec4ed04276af2941,Animated Short Film Program,Screening,Jan 20,7:30 PM  MST,Megaplex Theatres at The Gateway - Theater 6,Salt Lake City
https://festival.sundance.org/program/short-info/656e245aec4ed04276af2941,Animated Short Film Program,Screening,Jan 26,9:45 PM  MST,Megaplex Theatres at The Gateway - Theater 8/9,Salt Lake City
https://festival.sundance.org/program/short-info/656e245aec4ed04276af2941,Animated Short Film Program,Screening,Jan 27,5:15 PM  MST,Holiday Village Cinemas - 3,Park City
https://festival.sundance.org/program/film/656a0376fac9f413f9c0441e,As We Speak,Premiere,Jan 22,3:30 PM MST,Library Center Theatre,Park City
https://festival.sundance.org/program/film/656a0376fac9f413f9c0441e,As We Speak,Screening,Jan 23,6:00 PM MST,Megaplex Theatres at The Gateway - Theater 1/2/3,Salt Lake City
https://festival.sundance.org/program/film/656a0376fac9f413f9c0441e,As We Speak,Screening,Jan 24,6:30 PM MST,Redstone Cinemas - 7,Park City
https://festival.sundance.org/program/film/656a0376fac9f413f9c0441e,As We Speak,Screening,Jan 26,8:00 PM MST,Holiday Village Cinemas - 3,Park City
https://festival.sundance.org/program/film/65761baf2775903f77c98184,Audience Award: NEXT,Award Winner,Jan 28,9:30 PM MST,Megaplex Theatres at The Gateway - Theater 1/2/3,Salt Lake City
https://festival.sundance.org/program/film/65761ae6277590755dc98019,Audience Award: U.S. Documentary,Award Winner,Jan 28,2:30 PM MST,Rose Wagner Center,Salt Lake City
https://festival.sundance.org/program/film/65761aa1277590eac3c97fb9,Audience Award: U.S. Dramatic,Award Winner,Jan 28,11:00 AM MST,Rose Wagner Center,Salt Lake City
https://festival.sundance.org/program/film/65761b5d2775904597c980d9,Audience Award: World Cinema Documentary,Award Winner,Jan 28,2:30 PM MST,Megaplex Theatres at The Gateway - Theater 1/2/3,Salt Lake City
https://festival.sundance.org/program/film/65761b1c277590fc8bc98079,Audience Award: World Cinema Dramatic,Award Winner,Jan 28,6:00 PM MST,Megaplex Theatres at The Gateway - Theater 1/2/3,Salt Lake City
https://festival.sundance.org/program/short-info/6574fe64e8eef5631719fb54,Award Winner Short Film Program,Award Winner,Jan 27,7:30 PM  MST,Egyptian Theatre,Park City
https://festival.sundance.org/program/film/656e092aa0d82d9a2eabf6ef,Being (the Digital Griot),Screening,Jan 23,9:00 AM MST,Egyptian Theatre,Park City
https://festival.sundance.org/program/film/656e092aa0d82d9a2eabf6ef,Being (the Digital Griot),Screening,Jan 23,12:00 PM MST,Egyptian Theatre,Park City
https://festival.sundance.org/program/film/6569fe64fac9f42b3fc03ae8,Better Angels: The Gospel According To Tammy Faye,Premiere,Jan 19,7:00 PM MST,Prospector Square Theatre,Park City
https://festival.sundance.org/program/film/6569fe64fac9f42b3fc03ae8,Better Angels: The Gospel According To Tammy Faye,Screening,Jan 20,6:00 PM MST,Megaplex Theatres at The Gateway - Theater 1/2/3,Salt Lake City
https://festival.sundance.org/program/film/6569fe64fac9f42b3fc03ae8,Better Angels: The Gospel According To Tammy Faye,Screening,Jan 28,10:00 AM MST,Holiday Village Cinemas - 2,Park City
https://festival.sundance.org/program/film/656a0011fac9f49fdcc03e3b,Between the Temples,Premiere,Jan 19,2:30 PM MST,Library Center Theatre,Park City
https://festival.sundance.org/program/film/656a0011fac9f49fdcc03e3b,Between the Temples,Screening,Jan 20,11:00 AM MST,Megaplex Theatres at The Gateway - Theater 1/2/3,Salt Lake City
https://festival.sundance.org/program/film/656a0011fac9f49fdcc03e3b,Between the Temples,Screening,Jan 20,10:00 PM MST,Redstone Cinemas - 7,Park City
https://festival.sundance.org/program/film/656a0011fac9f49fdcc03e3b,Between the Temples,Screening,Jan 23,6:00 PM MST,Rose Wagner Center,Salt Lake City
https://festival.sundance.org/program/film/656a0011fac9f49fdcc03e3b,Between the Temples,Screening,Jan 24,3:30 PM MST,The Ray Theatre,Park City
https://festival.sundance.org/program/film/6569ff92fac9f427abc03c60,Black Box Diaries,Premiere,Jan 20,3:30 PM MST,Prospector Square Theatre,Park City
https://festival.sundance.org/program/film/6569ff92fac9f427abc03c60,Black Box Diaries,Screening,Jan 21,2:15 PM MST,Redstone Cinemas - 1,Park City
https://festival.sundance.org/program/film/6569ff92fac9f427abc03c60,Black Box Diaries,Screening,Jan 25,5:00 PM MST,Broadway Centre Cinemas - 3,Salt Lake City
https://festival.sundance.org/program/film/6569ff92fac9f427abc03c60,Black Box Diaries,Screening,Jan 26,7:30 PM MST,The Ray Theatre,Park City
https://festival.sundance.org/program/film/656a019efac9f4f21ec041a5,Brief History of a Family,Premiere,Jan 19,3:30 PM MST,Prospector Square Theatre,Park City
https://festival.sundance.org/program/film/656a019efac9f4f21ec041a5,Brief History of a Family,Screening,Jan 20,2:45 PM MST,Redstone Cinemas - 2,Park City
https://festival.sundance.org/program/film/656a019efac9f4f21ec041a5,Brief History of a Family,Screening,Jan 21,6:00 PM MST,Megaplex Theatres at The Gateway - Theater 8/9,Salt Lake City
https://festival.sundance.org/program/film/656a019efac9f4f21ec041a5,Brief History of a Family,Screening,Jan 25,5:30 PM MST,Redstone Cinemas - 1,Park City
https://festival.sundance.org/program/film/6569fa7ffac9f4f43fc033f9,Conbody VS Everybody,Premiere,Jan 23,4:00 PM MST,Prospector Square Theatre,Park City
https://festival.sundance.org/program/film/6569fa7ffac9f4f43fc033f9,Conbody VS Everybody,Screening,Jan 26,12:00 PM MST,Redstone Cinemas - 7,Park City
https://festival.sundance.org/program/film/6569fa7ffac9f4f43fc033f9,Conbody VS Everybody,Screening,Jan 27,11:30 AM MST,Megaplex Theatres at The Gateway - Theater 8/9,Salt Lake City
https://festival.sundance.org/program/film/6569fa7ffac9f4f43fc033f9,Conbody VS Everybody,Screening,Jan 28,3:30 PM MST,Holiday Village Cinemas - 1,Park City
https://festival.sundance.org/program/film/656a039efac9f485fbc04459,Daughters,Premiere,Jan 22,12:15 PM MST,The Ray Theatre,Park City
https://festival.sundance.org/program/film/656a039efac9f485fbc04459,Daughters,Screening,Jan 23,2:00 PM MST,Redstone Cinemas - 1,Park City
https://festival.sundance.org/program/film/656a039efac9f485fbc04459,Daughters,Screening,Jan 25,5:30 PM MST,Megaplex Theatres at The Gateway - Theater 6,Salt Lake City
https://festival.sundance.org/program/film/656a039efac9f485fbc04459,Daughters,Screening,Jan 26,4:30 PM MST,Library Center Theatre,Park City
https://festival.sundance.org/program/film/6569ff57fac9f47e28c03bfb,Desire Lines,Premiere,Jan 22,3:30 PM MST,Egyptian Theatre,Park City
https://festival.sundance.org/program/film/6569ff57fac9f47e28c03bfb,Desire Lines,Screening,Jan 23,2:30 PM MST,Redstone Cinemas - 2,Park City
https://festival.sundance.org/program/film/6569ff57fac9f47e28c03bfb,Desire Lines,Screening,Jan 25,8:30 PM MST,Megaplex Theatres at The Gateway - Theater 6,Salt Lake City
https://festival.sundance.org/program/film/6569ff57fac9f47e28c03bfb,Desire Lines,Screening,Jan 26,4:15 PM MST,Holiday Village Cinemas - 2,Park City
https://festival.sundance.org/program/film/6569fd84fac9f4f1e9c039ed,DEVO,Premiere,Jan 21,10:00 PM MST,Library Center Theatre,Park City
https://festival.sundance.org/program/film/6569fd84fac9f4f1e9c039ed,DEVO,Screening,Jan 22,9:00 AM MST,Egyptian Theatre,Park City
https://festival.sundance.org/program/film/6569fd84fac9f4f1e9c039ed,DEVO,Screening,Jan 24,8:15 PM MST,Redstone Cinemas - 1,Park City
https://festival.sundance.org/program/film/6569fd84fac9f4f1e9c039ed,DEVO,Screening,Jan 26,6:00 PM MST,Rose Wagner Center,Salt Lake City
https://festival.sundance.org/program/film/6569fd84fac9f4f1e9c039ed,DEVO,Screening,Jan 28,10:00 PM MST,Megaplex Theatres at The Gateway - Theater 8/9,Salt Lake City
https://festival.sundance.org/program/film/6573b60a8c1a1f50e501b34b,DIG! XX,Screening,Jan 19,8:30 PM MST,Broadway Centre Cinemas - 3,Salt Lake City
https://festival.sundance.org/program/film/6573b60a8c1a1f50e501b34b,DIG! XX,Premiere,Jan 23,8:30 PM MST,Library Center Theatre,Park City
https://festival.sundance.org/program/film/657503fce8eef5982819fe4b,Directing Award: U.S. Documentary,Award Winner,Jan 28,9:00 AM MST,The Ray Theatre,Park City
https://festival.sundance.org/program/film/6575043fe8eef5283219feb4,Directing Award: U.S. Dramatic,Award Winner,Jan 28,4:00 PM MST,The Ray Theatre,Park City
https://festival.sundance.org/program/film/65750498e8eef5234619ff47,Directing Award: World Cinema Documentary,Award Winner,Jan 28,9:00 AM MST,Egyptian Theatre,Park City
https://festival.sundance.org/program/film/657504dbe8eef5519f19ffb2,Directing Award: World Cinema Dramatic,Award Winner,Jan 28,9:30 AM MST,Library Center Theatre,Park City
https://festival.sundance.org/program/short-info/6574ecc8e8eef5487519d5e8,Documentary Short Film Program,Premiere,Jan 20,10:00 PM  MST,The Ray Theatre,Park City
https://festival.sundance.org/program/short-info/6574ecc8e8eef5487519d5e8,Documentary Short Film Program,Screening,Jan 21,9:00 PM  MST,Megaplex Theatres at The Gateway - Theater 1/2/3,Salt Lake City
https://festival.sundance.org/program/short-info/6574ecc8e8eef5487519d5e8,Documentary Short Film Program,Screening,Jan 26,7:30 PM  MST,Holiday Village Cinemas - 1,Park City
https://festival.sundance.org/program/short-info/6574ecc8e8eef5487519d5e8,Documentary Short Film Program,Screening,Jan 27,10:30 AM  MST,Holiday Village Cinemas - 3,Park City
https://festival.sundance.org/program/film/656a00aafac9f452e4c03eff,Dìdi (弟弟),Premiere,Jan 19,7:30 PM MST,The Ray Theatre,Park City
https://festival.sundance.org/program/film/656a00aafac9f452e4c03eff,Dìdi (弟弟),Screening,Jan 20,5:00 PM MST,Redstone Cinemas - 1,Park City
https://festival.sundance.org/program/film/656a00aafac9f452e4c03eff,Dìdi (弟弟),Screening,Jan 21,1:45 PM MST,Broadway Centre Cinemas - 6,Salt Lake City
https://festival.sundance.org/program/film/656a00aafac9f452e4c03eff,Dìdi (弟弟),Screening,Jan 23,5:15 PM MST,Library Center Theatre,Park City
https://festival.sundance.org/program/film/656a00aafac9f452e4c03eff,Dìdi (弟弟),Screening,Jan 26,6:45 PM MST,Redstone Cinemas - 7,Park City
https://festival.sundance.org/program/film/656a2d56fac9f46c9bc071a3,Eno,Premiere,Jan 18,12:00 PM MST,The Ray Theatre,Park City
https://festival.sundance.org/program/film/656a2d56fac9f46c9bc071a3,Eno,Screening,Jan 19,2:45 PM MST,Redstone Cinemas - 2,Park City
https://festival.sundance.org/program/film/656a2d56fac9f46c9bc071a3,Eno,Screening,Jan 19,9:00 PM MST,Megaplex Theatres at The Gateway - Theater 8/9,Salt Lake City
https://festival.sundance.org/program/film/656a2d56fac9f46c9bc071a3,Eno,Screening,Jan 23,3:45 PM MST,The Ray Theatre,Park City
https://festival.sundance.org/program/film/656a2d56fac9f46c9bc071a3,Eno,Screening,Jan 27,1:15 PM MST,Holiday Village Cinemas - 1,Park City
https://festival.sundance.org/program/film/656e3f646e5b2804f5ce4550,Episodic Pilot Showcase,Premiere,Jan 22,6:45 PM MST,Library Center Theatre,Park City
https://festival.sundance.org/program/film/656e3f646e5b2804f5ce4550,Episodic Pilot Showcase,Screening,Jan 23,10:30 PM MST,Redstone Cinemas - 7,Park City
https://festival.sundance.org/program/film/656e3f646e5b2804f5ce4550,Episodic Pilot Showcase,Screening,Jan 27,1:45 PM MST,Holiday Village Cinemas - 3,Park City
https://festival.sundance.org/program/film/656e3f646e5b2804f5ce4550,Episodic Pilot Showcase,Screening,Jan 28,3:30 PM MST,Broadway Centre Cinemas - 3,Salt Lake City
https://festival.sundance.org/program/film/6569ff9efac9f46f45c03c81,Eternal You,Premiere,Jan 20,7:00 PM MST,Prospector Square Theatre,Park City
https://festival.sundance.org/program/film/6569ff9efac9f46f45c03c81,Eternal You,Screening,Jan 21,6:45 PM MST,Redstone Cinemas - 7,Park City
https://festival.sundance.org/program/film/6569ff9efac9f46f45c03c81,Eternal You,Screening,Jan 22,5:45 PM MST,Broadway Centre Cinemas - 6,Salt Lake City
https://festival.sundance.org/program/film/6569ff9efac9f46f45c03c81,Eternal You,Screening,Jan 25,1:45 PM MST,Holiday Village Cinemas - 1,Park City
https://festival.sundance.org/program/film/656a03f2fac9f43b26c044bb,EVERY LITTLE THING,Premiere,Jan 21,3:45 PM MST,The Ray Theatre,Park City
https://festival.sundance.org/program/film/656a03f2fac9f43b26c044bb,EVERY LITTLE THING,Screening,Jan 22,5:45 PM MST,Redstone Cinemas - 2,Park City
https://festival.sundance.org/program/film/656a03f2fac9f43b26c044bb,EVERY LITTLE THING,Screening,Jan 23,5:45 PM MST,Broadway Centre Cinemas - 6,Salt Lake City
https://festival.sundance.org/program/film/656a03f2fac9f43b26c044bb,EVERY LITTLE THING,Screening,Jan 25,1:00 PM MST,Holiday Village Cinemas - 2,Park City
https://festival.sundance.org/program/film/656a00bafac9f45740c03f37,Exhibiting Forgiveness,Premiere,Jan 20,3:00 PM MST,Eccles Theatre,Park City
https://festival.sundance.org/program/film/656a00bafac9f45740c03f37,Exhibiting Forgiveness,Screening,Jan 21,5:30 PM MST,Redstone Cinemas - 1,Park City
https://festival.sundance.org/program/film/656a00bafac9f45740c03f37,Exhibiting Forgiveness,Screening,Jan 23,9:15 PM MST,Megaplex Theatres at The Gateway - Theater 1/2/3,Salt Lake City
https://festival.sundance.org/program/film/656a00bafac9f45740c03f37,Exhibiting Forgiveness,Screening,Jan 26,10:00 PM MST,Egyptian Theatre,Park City
https://festival.sundance.org/program/film/657618d8277590589ec97f47,Festival Favorite Award,Award Winner,Jan 28,12:30 PM MST,The Ray Theatre,Park City
https://festival.sundance.org/program/film/6569fe3cfac9f47946c03a61,Freaky Tales,Premiere,Jan 18,6:45 PM MST,Eccles Theatre,Park City
https://festival.sundance.org/program/film/6569fe3cfac9f47946c03a61,Freaky Tales,Screening,Jan 19,9:00 AM MST,Egyptian Theatre,Park City
https://festival.sundance.org/program/film/6569fe3cfac9f47946c03a61,Freaky Tales,Screening,Jan 20,2:30 PM MST,Megaplex Theatres at The Gateway - Theater 1/2/3,Salt Lake City
https://festival.sundance.org/program/film/6569fe3cfac9f47946c03a61,Freaky Tales,Screening,Jan 23,7:00 PM MST,The Ray Theatre,Park City
https://festival.sundance.org/program/film/6569fe3cfac9f47946c03a61,Freaky Tales,Screening,Jan 25,3:00 PM MST,Redstone Cinemas - 2,Park City
https://festival.sundance.org/program/film/6569fe3cfac9f47946c03a61,Freaky Tales,Screening,Jan 28,8:00 PM MST,Library Center Theatre,Park City
https://festival.sundance.org/program/film/656a0411fac9f482d9c044f7,FRIDA,Premiere,Jan 18,3:30 PM MST,The Ray Theatre,Park City
https://festival.sundance.org/program/film/656a0411fac9f482d9c044f7,FRIDA,Screening,Jan 19,3:15 PM MST,Redstone Cinemas - 7,Park City
https://festival.sundance.org/program/film/656a0411fac9f482d9c044f7,FRIDA,Screening,Jan 20,11:00 AM MST,Rose Wagner Center,Salt Lake City
https://festival.sundance.org/program/film/656a0411fac9f482d9c044f7,FRIDA,Screening,Jan 21,4:00 PM MST,Broadway Centre Cinemas - 3,Salt Lake City
https://festival.sundance.org/program/film/656a0411fac9f482d9c044f7,FRIDA,Screening,Jan 23,2:00 PM MST,Library Center Theatre,Park City
https://festival.sundance.org/program/film/656a0411fac9f482d9c044f7,FRIDA,Screening,Jan 24,6:00 PM MST,Megaplex Theatres at The Gateway - Theater 1/2/3,Salt Lake City
https://festival.sundance.org/program/film/656a05edfac9f47586c04552,Gaucho Gaucho,Premiere,Jan 19,4:00 PM MST,The Ray Theatre,Park City
https://festival.sundance.org/program/film/656a05edfac9f47586c04552,Gaucho Gaucho,Screening,Jan 20,6:45 PM MST,Redstone Cinemas - 7,Park City
https://festival.sundance.org/program/film/656a05edfac9f47586c04552,Gaucho Gaucho,Screening,Jan 21,3:00 PM MST,Megaplex Theatres at The Gateway - Theater 8/9,Salt Lake City
https://festival.sundance.org/program/film/656a05edfac9f47586c04552,Gaucho Gaucho,Screening,Jan 24,8:45 AM MST,Egyptian Theatre,Park City
https://festival.sundance.org/program/film/656a0adafac9f4085ec04998,Ghostlight,Premiere,Jan 18,12:00 PM MST,Prospector Square Theatre,Park City
https://festival.sundance.org/program/film/656a0adafac9f4085ec04998,Ghostlight,Screening,Jan 19,5:30 PM MST,Megaplex Theatres at The Gateway - Theater 6,Salt Lake City
https://festival.sundance.org/program/film/656a0adafac9f4085ec04998,Ghostlight,Screening,Jan 22,8:30 PM MST,Redstone Cinemas - 1,Park City
https://festival.sundance.org/program/film/656a0adafac9f4085ec04998,Ghostlight,Screening,Jan 26,9:00 AM MST,Egyptian Theatre,Park City
https://festival.sundance.org/program/film/656a0adafac9f4085ec04998,Ghostlight,Screening,Jan 27,1:15 PM MST,Broadway Centre Cinemas - 6,Salt Lake City
https://festival.sundance.org/program/film/656a0adafac9f4085ec04998,Ghostlight,Screening,Jan 28,12:00 PM MST,Holiday Village Cinemas - 1,Park City
https://festival.sundance.org/program/film/6569fd68fac9f457e2c03987,Girls State,Premiere,Jan 18,3:30 PM MST,Eccles Theatre,Park City
https://festival.sundance.org/program/film/6569fd68fac9f457e2c03987,Girls State,Screening,Jan 19,5:00 PM MST,Megaplex Theatres at The Gateway - Theater 1/2/3,Salt Lake City
https://festival.sundance.org/program/film/6569fd68fac9f457e2c03987,Girls State,Screening,Jan 20,9:00 AM MST,The Ray Theatre,Park City
https://festival.sundance.org/program/film/6569fd68fac9f457e2c03987,Girls State,Screening,Jan 21,2:15 PM MST,Megaplex Theatres at The Gateway - Theater 1/2/3,Salt Lake City
https://festival.sundance.org/program/film/6569fd68fac9f457e2c03987,Girls State,Screening,Jan 24,11:30 AM MST,Redstone Cinemas - 2,Park City
https://festival.sundance.org/program/film/6569fd68fac9f457e2c03987,Girls State,Screening,Jan 27,6:45 PM MST,Megaplex Theatres at The Gateway - Theater 8/9,Salt Lake City
https://festival.sundance.org/program/film/656a01abfac9f401e9c041dd,Girls Will Be Girls,Premiere,Jan 20,7:00 PM MST,Egyptian Theatre,Park City
https://festival.sundance.org/program/film/656a01abfac9f401e9c041dd,Girls Will Be Girls,Screening,Jan 21,2:45 PM MST,Redstone Cinemas - 2,Park City
https://festival.sundance.org/program/film/656a01abfac9f401e9c041dd,Girls Will Be Girls,Screening,Jan 22,6:30 PM MST,Megaplex Theatres at The Gateway - Theater 8/9,Salt Lake City
https://festival.sundance.org/program/film/656a01abfac9f401e9c041dd,Girls Will Be Girls,Screening,Jan 24,1:15 PM MST,Library Center Theatre,Park City
https://festival.sundance.org/program/film/6573b5058c1a1f6ee301b1ca,Go Fish,Screening,Jan 20,1:45 PM MST,Broadway Centre Cinemas - 6,Salt Lake City
https://festival.sundance.org/program/film/6573b5058c1a1f6ee301b1ca,Go Fish,Premiere,Jan 24,11:45 AM MST,Egyptian Theatre,Park City
https://festival.sundance.org/program/film/656cf6f7842a924706cd5bbc,God Save Texas: Hometown Prison,Premiere,Jan 23,8:00 PM MST,Prospector Square Theatre,Park City
https://festival.sundance.org/program/film/656cf6f7842a924706cd5bbc,God Save Texas: Hometown Prison,Screening,Jan 27,5:30 PM MST,Holiday Village Cinemas - 2,Park City
https://festival.sundance.org/program/film/656cf6f7842a924706cd5bbc,God Save Texas: Hometown Prison,Screening,Jan 28,10:00 AM MST,Megaplex Theatres at The Gateway - Theater 6,Salt Lake City
https://festival.sundance.org/program/film/656e6f6b474bbcaeb5971d18,God Save Texas: The Price of Oil & La Frontera,Screening,Jan 25,2:45 PM MST,Redstone Cinemas - 7,Park City
https://festival.sundance.org/program/film/656a00c6fac9f44a1cc03f78,Good One,Premiere,Jan 21,12:30 PM MST,The Ray Theatre,Park City
https://festival.sundance.org/program/film/656a00c6fac9f44a1cc03f78,Good One,Screening,Jan 22,11:30 AM MST,Redstone Cinemas - 2,Park City
https://festival.sundance.org/program/film/656a00c6fac9f44a1cc03f78,Good One,Screening,Jan 24,8:00 PM MST,Broadway Centre Cinemas - 3,Salt Lake City
https://festival.sundance.org/program/film/656a00c6fac9f44a1cc03f78,Good One,Screening,Jan 26,12:30 PM MST,Egyptian Theatre,Park City
https://festival.sundance.org/program/film/656a027afac9f43e35c04220,Handling the Undead,Premiere,Jan 20,11:30 AM MST,Library Center Theatre,Park City
https://festival.sundance.org/program/film/656a027afac9f43e35c04220,Handling the Undead,Screening,Jan 21,11:30 AM MST,Redstone Cinemas - 2,Park City
https://festival.sundance.org/program/film/656a027afac9f43e35c04220,Handling the Undead,Screening,Jan 22,10:00 PM MST,Megaplex Theatres at The Gateway - Theater 8/9,Salt Lake City
https://festival.sundance.org/program/film/656a027afac9f43e35c04220,Handling the Undead,Screening,Jan 26,1:00 PM MST,Library Center Theatre,Park City
https://festival.sundance.org/program/film/6569f98efac9f459a7c031a3,Hit Man,Premiere,Jan 22,4:00 PM MST,Eccles Theatre,Park City
https://festival.sundance.org/program/film/6569f98efac9f459a7c031a3,Hit Man,Screening,Jan 23,5:45 PM MST,Redstone Cinemas - 1,Park City
https://festival.sundance.org/program/film/6569f98efac9f459a7c031a3,Hit Man,Screening,Jan 25,12:30 PM MST,The Ray Theatre,Park City
https://festival.sundance.org/program/film/6569f98efac9f459a7c031a3,Hit Man,Screening,Jan 27,12:00 PM MST,Redstone Cinemas - 7,Park City
https://festival.sundance.org/program/film/6569f98efac9f459a7c031a3,Hit Man,Screening,Jan 28,2:45 PM MST,Megaplex Theatres at The Gateway - Theater 8/9,Salt Lake City
https://festival.sundance.org/program/film/656a0186842a921956cd365c,How to Have Sex,Premiere,Jan 18,12:30 PM MST,Library Center Theatre,Park City
https://festival.sundance.org/program/film/656a0186842a921956cd365c,How to Have Sex,Screening,Jan 19,6:00 PM MST,Megaplex Theatres at The Gateway - Theater 8/9,Salt Lake City
https://festival.sundance.org/program/film/656a0186842a921956cd365c,How to Have Sex,Screening,Jan 19,9:00 PM MST,Redstone Cinemas - 2,Park City
https://festival.sundance.org/program/film/656a0186842a921956cd365c,How to Have Sex,Screening,Jan 27,10:00 AM MST,Egyptian Theatre,Park City
https://festival.sundance.org/program/film/656a0186842a921956cd365c,How to Have Sex,Screening,Jan 28,11:30 AM MST,Megaplex Theatres at The Gateway - Theater 8/9,Salt Lake City
https://festival.sundance.org/program/film/656a086bfac9f47a41c0476e,I Saw the TV Glow,Premiere,Jan 18,10:00 PM MST,Library Center Theatre,Park City
https://festival.sundance.org/program/film/656a086bfac9f47a41c0476e,I Saw the TV Glow,Screening,Jan 19,9:30 PM MST,Redstone Cinemas - 7,Park City
https://festival.sundance.org/program/film/656a086bfac9f47a41c0476e,I Saw the TV Glow,Screening,Jan 21,8:15 PM MST,Broadway Centre Cinemas - 6,Salt Lake City
https://festival.sundance.org/program/film/656a086bfac9f47a41c0476e,I Saw the TV Glow,Screening,Jan 23,10:30 PM MST,The Ray Theatre,Park City
https://festival.sundance.org/program/film/656a086bfac9f47a41c0476e,I Saw the TV Glow,Screening,Jan 27,8:15 PM MST,Broadway Centre Cinemas - 6,Salt Lake City
https://festival.sundance.org/program/film/6569ffabfac9f4ccfbc03ca6,Ibelin,Premiere,Jan 18,4:00 PM MST,Egyptian Theatre,Park City
https://festival.sundance.org/program/film/6569ffabfac9f4ccfbc03ca6,Ibelin,Screening,Jan 19,2:00 PM MST,Redstone Cinemas - 1,Park City
https://festival.sundance.org/program/film/6569ffabfac9f4ccfbc03ca6,Ibelin,Screening,Jan 20,10:00 AM MST,Megaplex Theatres at The Gateway - Theater 6,Salt Lake City
https://festival.sundance.org/program/film/6569ffabfac9f4ccfbc03ca6,Ibelin,Screening,Jan 25,11:30 AM MST,Redstone Cinemas - 2,Park City
https://festival.sundance.org/program/film/6569ffb8fac9f442c0c03cc7,IGUALADA,Premiere,Jan 21,12:00 PM MST,Egyptian Theatre,Park City
https://festival.sundance.org/program/film/6569ffb8fac9f442c0c03cc7,IGUALADA,Screening,Jan 22,11:00 AM MST,Redstone Cinemas - 1,Park City
https://festival.sundance.org/program/film/6569ffb8fac9f442c0c03cc7,IGUALADA,Screening,Jan 24,5:30 PM MST,Megaplex Theatres at The Gateway - Theater 6,Salt Lake City
https://festival.sundance.org/program/film/6569ffb8fac9f442c0c03cc7,IGUALADA,Screening,Jan 26,12:30 PM MST,Holiday Village Cinemas - 1,Park City
https://festival.sundance.org/program/film/656a088efac9f45f24c047ae,In A Violent Nature,Premiere,Jan 22,10:15 PM MST,Library Center Theatre,Park City
https://festival.sundance.org/program/film/656a088efac9f45f24c047ae,In A Violent Nature,Screening,Jan 23,9:00 PM MST,Redstone Cinemas - 1,Park City
https://festival.sundance.org/program/film/656a088efac9f45f24c047ae,In A Violent Nature,Screening,Jan 26,8:30 PM MST,Redstone Cinemas - 1,Park City
https://festival.sundance.org/program/film/656a088efac9f45f24c047ae,In A Violent Nature,Screening,Jan 27,7:30 PM MST,Broadway Centre Cinemas - 3,Salt Lake City
https://festival.sundance.org/program/film/656a0291fac9f45f6fc0425b,In the Land of Brothers,Screening,Jan 22,3:15 PM MST,Prospector Square Theatre,Park City
https://festival.sundance.org/program/film/656a0291fac9f45f6fc0425b,In the Land of Brothers,Screening,Jan 23,11:00 AM MST,Redstone Cinemas - 1,Park City
https://festival.sundance.org/program/film/656a0291fac9f45f6fc0425b,In the Land of Brothers,Screening,Jan 25,5:45 PM MST,Broadway Centre Cinemas - 6,Salt Lake City
https://festival.sundance.org/program/film/656a0291fac9f45f6fc0425b,In the Land of Brothers,Screening,Jan 26,11:00 AM MST,Redstone Cinemas - 1,Park City
https://festival.sundance.org/program/film/656a00d3fac9f44d86c03fb0,In The Summers,Premiere,Jan 22,12:00 PM MST,Library Center Theatre,Park City
https://festival.sundance.org/program/film/656a00d3fac9f44d86c03fb0,In The Summers,Screening,Jan 23,9:00 AM MST,Prospector Square Theatre,Park City
https://festival.sundance.org/program/film/656a00d3fac9f44d86c03fb0,In The Summers,Screening,Jan 24,10:00 PM MST,Megaplex Theatres at The Gateway - Theater 8/9,Salt Lake City
https://festival.sundance.org/program/film/656a00d3fac9f44d86c03fb0,In The Summers,Screening,Jan 25,9:15 PM MST,Redstone Cinemas - 2,Park City
https://festival.sundance.org/program/film/656a08a0fac9f4a59ec047da,It's What's Inside,Premiere,Jan 19,11:00 PM MST,The Ray Theatre,Park City
https://festival.sundance.org/program/film/656a08a0fac9f4a59ec047da,It's What's Inside,Screening,Jan 20,9:30 PM MST,Megaplex Theatres at The Gateway - Theater 1/2/3,Salt Lake City
https://festival.sundance.org/program/film/656a08a0fac9f4a59ec047da,It's What's Inside,Screening,Jan 23,10:00 PM MST,Egyptian Theatre,Park City
https://festival.sundance.org/program/film/656a08a0fac9f4a59ec047da,It's What's Inside,Screening,Jan 26,9:15 PM MST,Redstone Cinemas - 2,Park City
https://festival.sundance.org/program/film/656a08a0fac9f4a59ec047da,It's What's Inside,Screening,Jan 28,8:15 PM MST,Broadway Centre Cinemas - 6,Salt Lake City
https://festival.sundance.org/program/film/657618162775901384c97e19,Jonathan Oppenheim Editing Award: U.S. Documentary,Award Winner,Jan 28,1:00 PM MST,Library Center Theatre,Park City
https://festival.sundance.org/program/film/656a08aefac9f408b7c0481f,Kidnapping Inc.,Premiere,Jan 22,10:15 PM MST,Egyptian Theatre,Park City
https://festival.sundance.org/program/film/656a08aefac9f408b7c0481f,Kidnapping Inc.,Screening,Jan 23,8:30 PM MST,Megaplex Theatres at The Gateway - Theater 6,Salt Lake City
https://festival.sundance.org/program/film/656a08aefac9f408b7c0481f,Kidnapping Inc.,Screening,Jan 24,9:30 PM MST,Redstone Cinemas - 7,Park City
https://festival.sundance.org/program/film/656a08aefac9f408b7c0481f,Kidnapping Inc.,Screening,Jan 26,8:15 PM MST,Broadway Centre Cinemas - 3,Salt Lake City
https://festival.sundance.org/program/film/656a08aefac9f408b7c0481f,Kidnapping Inc.,Screening,Jan 27,8:15 PM MST,Holiday Village Cinemas - 3,Park City
https://festival.sundance.org/program/film/6569feacfac9f4da10c03b5f,Kneecap,Premiere,Jan 18,9:30 PM MST,Prospector Square Theatre,Park City
https://festival.sundance.org/program/film/6569feacfac9f4da10c03b5f,Kneecap,Screening,Jan 19,6:15 PM MST,Redstone Cinemas - 7,Park City
https://festival.sundance.org/program/film/6569feacfac9f4da10c03b5f,Kneecap,Screening,Jan 20,8:15 PM MST,Broadway Centre Cinemas - 6,Salt Lake City
https://festival.sundance.org/program/film/6569feacfac9f4da10c03b5f,Kneecap,Screening,Jan 24,10:15 PM MST,Egyptian Theatre,Park City
https://festival.sundance.org/program/film/656a08bafac9f42c5ec0484f,Krazy House,Premiere,Jan 20,10:30 PM MST,Egyptian Theatre,Park City
https://festival.sundance.org/program/film/656a08bafac9f42c5ec0484f,Krazy House,Screening,Jan 21,9:30 PM MST,Redstone Cinemas - 2,Park City
https://festival.sundance.org/program/film/656a08bafac9f42c5ec0484f,Krazy House,Screening,Jan 22,8:30 PM MST,Broadway Centre Cinemas - 3,Salt Lake City
https://festival.sundance.org/program/film/656a08bafac9f42c5ec0484f,Krazy House,Screening,Jan 27,10:00 PM MST,Redstone Cinemas - 7,Park City
https://festival.sundance.org/program/film/656a02abfac9f41435c0429e,Layla,Premiere,Jan 18,12:45 PM MST,Egyptian Theatre,Park City
https://festival.sundance.org/program/film/656a02abfac9f41435c0429e,Layla,Screening,Jan 19,5:30 PM MST,Redstone Cinemas - 1,Park City
https://festival.sundance.org/program/film/656a02abfac9f41435c0429e,Layla,Screening,Jan 20,10:00 PM MST,Megaplex Theatres at The Gateway - Theater 8/9,Salt Lake City
https://festival.sundance.org/program/film/656a02abfac9f41435c0429e,Layla,Screening,Jan 25,8:15 PM MST,Holiday Village Cinemas - 2,Park City
https://festival.sundance.org/program/film/656a02abfac9f41435c0429e,Layla,Screening,Jan 26,6:00 PM MST,Redstone Cinemas - 2,Park City
https://festival.sundance.org/program/film/656a08dafac9f40bb2c048a3,Little Death,Premiere,Jan 19,9:15 PM MST,Egyptian Theatre,Park City
https://festival.sundance.org/program/film/656a08dafac9f40bb2c048a3,Little Death,Screening,Jan 20,8:15 PM MST,Redstone Cinemas - 1,Park City
https://festival.sundance.org/program/film/656a08dafac9f40bb2c048a3,Little Death,Screening,Jan 21,9:30 PM MST,Megaplex Theatres at The Gateway - Theater 8/9,Salt Lake City
https://festival.sundance.org/program/film/656a08dafac9f40bb2c048a3,Little Death,Screening,Jan 25,4:00 PM MST,The Ray Theatre,Park City
https://festival.sundance.org/program/film/6569fc3cfac9f424f8c037eb,LOLLA: THE STORY OF LOLLAPALOOZA,Premiere,Jan 18,10:30 PM MST,Eccles Theatre,Park City
https://festival.sundance.org/program/film/6569fc3cfac9f424f8c037eb,LOLLA: THE STORY OF LOLLAPALOOZA,Screening,Jan 19,8:15 PM MST,Megaplex Theatres at The Gateway - Theater 1/2/3,Salt Lake City
https://festival.sundance.org/program/film/6569fc3cfac9f424f8c037eb,LOLLA: THE STORY OF LOLLAPALOOZA,Screening,Jan 27,11:00 AM MST,Holiday Village Cinemas - 2,Park City
https://festival.sundance.org/program/film/656a0be5fac9f402abc049f1,Look Into My Eyes,Premiere,Jan 22,12:00 PM MST,Egyptian Theatre,Park City
https://festival.sundance.org/program/film/656a0be5fac9f402abc049f1,Look Into My Eyes,Screening,Jan 23,5:15 PM MST,Redstone Cinemas - 2,Park City
https://festival.sundance.org/program/film/656a0be5fac9f402abc049f1,Look Into My Eyes,Screening,Jan 25,9:00 AM MST,The Ray Theatre,Park City
https://festival.sundance.org/program/film/656a0be5fac9f402abc049f1,Look Into My Eyes,Screening,Jan 26,6:30 PM MST,Megaplex Theatres at The Gateway - Theater 8/9,Salt Lake City
https://festival.sundance.org/program/film/656a0be5fac9f402abc049f1,Look Into My Eyes,Screening,Jan 27,10:00 AM MST,Holiday Village Cinemas - 1,Park City
https://festival.sundance.org/program/film/656a0be5fac9f402abc049f1,Look Into My Eyes,Screening,Jan 28,9:45 AM MST,Broadway Centre Cinemas - 6,Salt Lake City
https://festival.sundance.org/program/film/656a08c7fac9f442f5c0487a,Love Lies Bleeding,Premiere,Jan 20,10:00 PM MST,Eccles Theatre,Park City
https://festival.sundance.org/program/film/656a08c7fac9f442f5c0487a,Love Lies Bleeding,Screening,Jan 21,9:00 PM MST,Redstone Cinemas - 1,Park City
https://festival.sundance.org/program/film/656a08c7fac9f442f5c0487a,Love Lies Bleeding,Screening,Jan 22,9:30 PM MST,Rose Wagner Center,Salt Lake City
https://festival.sundance.org/program/film/656a08c7fac9f442f5c0487a,Love Lies Bleeding,Screening,Jan 25,8:00 PM MST,Library Center Theatre,Park City
https://festival.sundance.org/program/film/656a08c7fac9f442f5c0487a,Love Lies Bleeding,Screening,Jan 27,11:00 PM MST,The Ray Theatre,Park City
https://festival.sundance.org/program/film/656a07cefac9f466a8c0463d,Love Machina,Premiere,Jan 19,12:15 PM MST,Prospector Square Theatre,Park City
https://festival.sundance.org/program/film/656a07cefac9f466a8c0463d,Love Machina,Screening,Jan 20,3:45 PM MST,Redstone Cinemas - 7,Park City
https://festival.sundance.org/program/film/656a07cefac9f466a8c0463d,Love Machina,Screening,Jan 20,5:00 PM MST,Broadway Centre Cinemas - 6,Salt Lake City
https://festival.sundance.org/program/film/656a07cefac9f466a8c0463d,Love Machina,Screening,Jan 23,12:30 PM MST,The Ray Theatre,Park City
https://festival.sundance.org/program/film/656a07cefac9f466a8c0463d,Love Machina,Screening,Jan 26,4:00 PM MST,Holiday Village Cinemas - 1,Park City
https://festival.sundance.org/program/film/656a011cfac9f4dcafc03ff6,Love Me,Premiere,Jan 19,12:00 PM MST,Eccles Theatre,Park City
https://festival.sundance.org/program/film/656a011cfac9f4dcafc03ff6,Love Me,Screening,Jan 20,9:30 AM MST,Prospector Square Theatre,Park City
https://festival.sundance.org/program/film/656a011cfac9f4dcafc03ff6,Love Me,Screening,Jan 21,11:00 AM MST,Rose Wagner Center,Salt Lake City
https://festival.sundance.org/program/film/656a011cfac9f4dcafc03ff6,Love Me,Screening,Jan 24,8:45 PM MST,Redstone Cinemas - 2,Park City
https://festival.sundance.org/program/film/656a011cfac9f4dcafc03ff6,Love Me,Screening,Jan 26,7:45 PM MST,Library Center Theatre,Park City
https://festival.sundance.org/program/film/656a0bf3fac9f40a76c04a2a,Luther: Never Too Much,Premiere,Jan 21,1:00 PM MST,Eccles Theatre,Park City
https://festival.sundance.org/program/film/656a0bf3fac9f40a76c04a2a,Luther: Never Too Much,Screening,Jan 22,9:00 AM MST,Prospector Square Theatre,Park City
https://festival.sundance.org/program/film/656a0bf3fac9f40a76c04a2a,Luther: Never Too Much,Screening,Jan 23,9:00 PM MST,Broadway Centre Cinemas - 6,Salt Lake City
https://festival.sundance.org/program/film/656a0bf3fac9f40a76c04a2a,Luther: Never Too Much,Screening,Jan 24,12:00 PM MST,Redstone Cinemas - 7,Park City
https://festival.sundance.org/program/film/656a0bf3fac9f40a76c04a2a,Luther: Never Too Much,Screening,Jan 27,3:15 PM MST,Megaplex Theatres at The Gateway - Theater 8/9,Salt Lake City
https://festival.sundance.org/program/film/656a02c7fac9f47e77c042de,Malu,Premiere,Jan 21,3:15 PM MST,Prospector Square Theatre,Park City
https://festival.sundance.org/program/film/656a02c7fac9f47e77c042de,Malu,Screening,Jan 22,2:00 PM MST,Redstone Cinemas - 1,Park City
https://festival.sundance.org/program/film/656a02c7fac9f47e77c042de,Malu,Screening,Jan 24,8:30 PM MST,Megaplex Theatres at The Gateway - Theater 6,Salt Lake City
https://festival.sundance.org/program/film/656a02c7fac9f47e77c042de,Malu,Screening,Jan 25,8:45 PM MST,Redstone Cinemas - 1,Park City
https://festival.sundance.org/program/short-info/6574ed25e8eef565ce19d616,Midnight Short Film Program,Premiere,Jan 22,10:00 PM  MST,The Ray Theatre,Park City
https://festival.sundance.org/program/short-info/6574ed25e8eef565ce19d616,Midnight Short Film Program,Screening,Jan 23,8:45 PM  MST,Redstone Cinemas - 2,Park City
https://festival.sundance.org/program/short-info/6574ed25e8eef565ce19d616,Midnight Short Film Program,Screening,Jan 26,9:00 PM  MST,Megaplex Theatres at The Gateway - Theater 6,Salt Lake City
https://festival.sundance.org/program/short-info/6574ed25e8eef565ce19d616,Midnight Short Film Program,Screening,Jan 27,4:30 PM  MST,Holiday Village Cinemas - 1,Park City
https://festival.sundance.org/program/film/6573b5fd8c1a1ff3bf01b2f7,Mississippi Masala,Screening,Jan 19,5:00 PM MST,Broadway Centre Cinemas - 3,Salt Lake City
https://festival.sundance.org/program/film/6573b5fd8c1a1ff3bf01b2f7,Mississippi Masala,Premiere,Jan 24,2:45 PM MST,Egyptian Theatre,Park City
https://festival.sundance.org/program/film/6569fe4ffac9f436bec03aad,My Old Ass,Premiere,Jan 20,7:00 PM MST,Eccles Theatre,Park City
https://festival.sundance.org/program/film/6569fe4ffac9f436bec03aad,My Old Ass,Screening,Jan 21,9:15 AM MST,Prospector Square Theatre,Park City
https://festival.sundance.org/program/film/6569fe4ffac9f436bec03aad,My Old Ass,Screening,Jan 22,9:15 PM MST,Megaplex Theatres at The Gateway - Theater 1/2/3,Salt Lake City
https://festival.sundance.org/program/film/6569fe4ffac9f436bec03aad,My Old Ass,Screening,Jan 24,10:00 AM MST,Library Center Theatre,Park City
https://festival.sundance.org/program/film/6569fe4ffac9f436bec03aad,My Old Ass,Screening,Jan 28,9:30 PM MST,Rose Wagner Center,Salt Lake City
https://festival.sundance.org/program/film/6573b5148c1a1f1de001b209,Napoleon Dynamite,Screening,Jan 20,12:30 PM MST,Broadway Centre Cinemas - 3,Salt Lake City
https://festival.sundance.org/program/film/6573b5148c1a1f1de001b209,Napoleon Dynamite,Premiere,Jan 24,7:00 PM MST,The Ray Theatre,Park City
https://festival.sundance.org/program/film/6569ffd3fac9f461efc03d38,Never Look Away,Premiere,Jan 18,6:30 PM MST,Prospector Square Theatre,Park City
https://festival.sundance.org/program/film/6569ffd3fac9f461efc03d38,Never Look Away,Screening,Jan 19,6:00 PM MST,Redstone Cinemas - 2,Park City
https://festival.sundance.org/program/film/6569ffd3fac9f461efc03d38,Never Look Away,Screening,Jan 20,4:00 PM MST,Broadway Centre Cinemas - 3,Salt Lake City
https://festival.sundance.org/program/film/6569ffd3fac9f461efc03d38,Never Look Away,Screening,Jan 24,12:30 PM MST,The Ray Theatre,Park City
https://festival.sundance.org/program/film/6576189b27759095aac97edc,NEXT Innovator Award,Award Winner,Jan 27,1:00 PM MST,Library Center Theatre,Park City
https://festival.sundance.org/program/film/657617ae27759060eac97d9f,NEXT Special Jury Award,Award Winner,Jan 28,12:30 PM MST,Egyptian Theatre,Park City
https://festival.sundance.org/program/film/6569fff7fac9f43003c03db4,Nocturnes,Premiere,Jan 22,3:30 PM MST,The Ray Theatre,Park City
https://festival.sundance.org/program/film/6569fff7fac9f43003c03db4,Nocturnes,Screening,Jan 23,11:30 AM MST,Redstone Cinemas - 2,Park City
https://festival.sundance.org/program/film/6569fff7fac9f43003c03db4,Nocturnes,Screening,Jan 24,5:45 PM MST,Broadway Centre Cinemas - 6,Salt Lake City
https://festival.sundance.org/program/film/6569fff7fac9f43003c03db4,Nocturnes,Screening,Jan 26,1:15 PM MST,Holiday Village Cinemas - 2,Park City
https://festival.sundance.org/program/film/656a0188fac9f44f88c04164,Out of My Mind,Premiere,Jan 19,11:00 AM MST,Library Center Theatre,Park City
https://festival.sundance.org/program/film/656a0188fac9f44f88c04164,Out of My Mind,Screening,Jan 20,2:00 PM MST,Rose Wagner Center,Salt Lake City
https://festival.sundance.org/program/film/656a0188fac9f44f88c04164,Out of My Mind,Screening,Jan 27,9:00 AM MST,Broadway Centre Cinemas - 3,Salt Lake City
https://festival.sundance.org/program/film/65779577235939caafa690b8,Pariah,Screening,Jan 20,9:00 AM MST,Broadway Centre Cinemas - 3,Salt Lake City
https://festival.sundance.org/program/film/65779577235939caafa690b8,Pariah,Screening,Jan 26,6:45 PM MST,Egyptian Theatre,Park City
https://festival.sundance.org/program/film/656a0128fac9f44bfdc04033,Ponyboi,Premiere,Jan 20,9:45 PM MST,Library Center Theatre,Park City
https://festival.sundance.org/program/film/656a0128fac9f44bfdc04033,Ponyboi,Screening,Jan 21,10:00 PM MST,Redstone Cinemas - 7,Park City
https://festival.sundance.org/program/film/656a0128fac9f44bfdc04033,Ponyboi,Screening,Jan 24,9:30 PM MST,Megaplex Theatres at The Gateway - Theater 1/2/3,Salt Lake City
https://festival.sundance.org/program/film/656a0128fac9f44bfdc04033,Ponyboi,Screening,Jan 25,10:30 PM MST,Egyptian Theatre,Park City
https://festival.sundance.org/program/film/656a07e2fac9f43bafc04673,Porcelain War,Premiere,Jan 20,12:15 PM MST,The Ray Theatre,Park City
https://festival.sundance.org/program/film/656a07e2fac9f43bafc04673,Porcelain War,Screening,Jan 21,11:00 AM MST,Redstone Cinemas - 1,Park City
https://festival.sundance.org/program/film/656a07e2fac9f43bafc04673,Porcelain War,Screening,Jan 22,5:45 PM MST,Megaplex Theatres at The Gateway - Theater 1/2/3,Salt Lake City
https://festival.sundance.org/program/film/656a07e2fac9f43bafc04673,Porcelain War,Screening,Jan 26,7:00 PM MST,Holiday Village Cinemas - 2,Park City
https://festival.sundance.org/program/film/656a0c00fac9f489e3c04a68,Power,Premiere,Jan 18,7:00 PM MST,Library Center Theatre,Park City
https://festival.sundance.org/program/film/656a0c00fac9f489e3c04a68,Power,Screening,Jan 19,12:00 PM MST,Redstone Cinemas - 7,Park City
https://festival.sundance.org/program/film/656a0c00fac9f489e3c04a68,Power,Screening,Jan 20,12:00 PM MST,Megaplex Theatres at The Gateway - Theater 8/9,Salt Lake City
https://festival.sundance.org/program/film/656a0c00fac9f489e3c04a68,Power,Screening,Jan 26,4:45 PM MST,Holiday Village Cinemas - 3,Park City
https://festival.sundance.org/program/film/656a0c00fac9f489e3c04a68,Power,Screening,Jan 28,9:00 AM MST,Broadway Centre Cinemas - 3,Salt Lake City
https://festival.sundance.org/program/film/656a4ffafac9f434c5c077ff,Presence,Premiere,Jan 19,9:45 PM MST,Library Center Theatre,Park City
https://festival.sundance.org/program/film/656a4ffafac9f434c5c077ff,Presence,Screening,Jan 20,9:00 AM MST,Egyptian Theatre,Park City
https://festival.sundance.org/program/film/656a4ffafac9f434c5c077ff,Presence,Screening,Jan 21,9:00 PM MST,Rose Wagner Center,Salt Lake City
https://festival.sundance.org/program/film/656a4ffafac9f434c5c077ff,Presence,Screening,Jan 23,8:00 PM MST,Eccles Theatre,Park City
https://festival.sundance.org/program/film/656a4ffafac9f434c5c077ff,Presence,Screening,Jan 27,2:30 PM MST,Redstone Cinemas - 1,Park City
https://festival.sundance.org/program/film/656a4ffafac9f434c5c077ff,Presence,Screening,Jan 28,11:00 AM MST,Megaplex Theatres at The Gateway - Theater 1/2/3,Salt Lake City
https://festival.sundance.org/program/film/656a08effac9f4692bc048d2,REALM OF SATAN,Premiere,Jan 21,9:30 PM MST,Egyptian Theatre,Park City
https://festival.sundance.org/program/film/656a08effac9f4692bc048d2,REALM OF SATAN,Screening,Jan 22,10:00 PM MST,Redstone Cinemas - 7,Park City
https://festival.sundance.org/program/film/656a08effac9f4692bc048d2,REALM OF SATAN,Screening,Jan 25,7:45 PM MST,Holiday Village Cinemas - 1,Park City
https://festival.sundance.org/program/film/656a08effac9f4692bc048d2,REALM OF SATAN,Screening,Jan 26,9:00 PM MST,Broadway Centre Cinemas - 6,Salt Lake City
https://festival.sundance.org/program/film/656a02d4fac9f4f26dc04324,Reinas,Premiere,Jan 22,6:30 PM MST,Prospector Square Theatre,Park City
https://festival.sundance.org/program/film/656a02d4fac9f4f26dc04324,Reinas,Screening,Jan 23,7:15 PM MST,Redstone Cinemas - 7,Park City
https://festival.sundance.org/program/film/656a02d4fac9f4f26dc04324,Reinas,Screening,Jan 25,8:15 PM MST,Broadway Centre Cinemas - 3,Salt Lake City
https://festival.sundance.org/program/film/656a02d4fac9f4f26dc04324,Reinas,Screening,Jan 26,3:45 PM MST,Redstone Cinemas - 7,Park City
https://festival.sundance.org/program/film/6569fa4dfac9f4390cc032ef,Rob Peace,Premiere,Jan 22,12:30 PM MST,Eccles Theatre,Park City
https://festival.sundance.org/program/film/6569fa4dfac9f4390cc032ef,Rob Peace,Screening,Jan 23,9:30 AM MST,Eccles Theatre,Park City
https://festival.sundance.org/program/film/6569fa4dfac9f4390cc032ef,Rob Peace,Screening,Jan 24,9:15 PM MST,Rose Wagner Center,Salt Lake City
https://festival.sundance.org/program/film/6569fa4dfac9f4390cc032ef,Rob Peace,Screening,Jan 27,11:00 AM MST,Redstone Cinemas - 1,Park City
https://festival.sundance.org/program/film/6569fa4dfac9f4390cc032ef,Rob Peace,Screening,Jan 28,8:30 PM MST,Megaplex Theatres at The Gateway - Theater 6,Salt Lake City
https://festival.sundance.org/program/film/6569fbb7fac9f43cb4c0367b,Sasquatch Sunset,Premiere,Jan 19,6:15 PM MST,Eccles Theatre,Park City
https://festival.sundance.org/program/film/6569fbb7fac9f43cb4c0367b,Sasquatch Sunset,Screening,Jan 20,9:30 PM MST,Redstone Cinemas - 2,Park City
https://festival.sundance.org/program/film/6569fbb7fac9f43cb4c0367b,Sasquatch Sunset,Screening,Jan 21,5:45 PM MST,Rose Wagner Center,Salt Lake City
https://festival.sundance.org/program/film/6569fbb7fac9f43cb4c0367b,Sasquatch Sunset,Screening,Jan 24,10:30 PM MST,The Ray Theatre,Park City
https://festival.sundance.org/program/film/6569fbb7fac9f43cb4c0367b,Sasquatch Sunset,Screening,Jan 27,1:00 PM MST,Egyptian Theatre,Park City
https://festival.sundance.org/program/film/656a02e1fac9f433ecc0436d,Sebastian,Premiere,Jan 21,6:30 PM MST,Library Center Theatre,Park City
https://festival.sundance.org/program/film/656a02e1fac9f433ecc0436d,Sebastian,Screening,Jan 22,6:45 PM MST,Redstone Cinemas - 7,Park City
https://festival.sundance.org/program/film/656a02e1fac9f433ecc0436d,Sebastian,Screening,Jan 25,10:00 PM MST,Megaplex Theatres at The Gateway - Theater 8/9,Salt Lake City
https://festival.sundance.org/program/film/656a02e1fac9f433ecc0436d,Sebastian,Screening,Jan 26,2:30 PM MST,Redstone Cinemas - 2,Park City
https://festival.sundance.org/program/film/656a0903fac9f43782c04901,Seeking Mavis Beacon,Premiere,Jan 20,6:15 PM MST,Library Center Theatre,Park City
https://festival.sundance.org/program/film/656a0903fac9f43782c04901,Seeking Mavis Beacon,Screening,Jan 21,6:15 PM MST,Redstone Cinemas - 2,Park City
https://festival.sundance.org/program/film/656a0903fac9f43782c04901,Seeking Mavis Beacon,Screening,Jan 23,6:45 PM MST,Megaplex Theatres at The Gateway - Theater 8/9,Salt Lake City
https://festival.sundance.org/program/film/656a0903fac9f43782c04901,Seeking Mavis Beacon,Screening,Jan 26,3:30 PM MST,Egyptian Theatre,Park City
https://festival.sundance.org/program/short-info/6574eda6e8eef5047319d644,Short Film Program 1,Premiere,Jan 18,3:30 PM  MST,Prospector Square Theatre,Park City
https://festival.sundance.org/program/short-info/6574eda6e8eef5047319d644,Short Film Program 1,Screening,Jan 19,8:45 PM  MST,Megaplex Theatres at The Gateway - Theater 6,Salt Lake City
https://festival.sundance.org/program/short-info/6574eda6e8eef5047319d644,Short Film Program 1,Screening,Jan 21,9:00 AM  MST,Egyptian Theatre,Park City
https://festival.sundance.org/program/short-info/6574eda6e8eef5047319d644,Short Film Program 1,Screening,Jan 27,2:00 PM  MST,Holiday Village Cinemas - 2,Park City
https://festival.sundance.org/program/short-info/6574eda6e8eef5047319d644,Short Film Program 1,Screening,Jan 28,4:00 PM  MST,Egyptian Theatre,Park City
https://festival.sundance.org/program/short-info/6574ede1e8eef55d8719d676,Short Film Program 2,Premiere,Jan 20,4:00 PM  MST,Egyptian Theatre,Park City
https://festival.sundance.org/program/short-info/6574ede1e8eef55d8719d676,Short Film Program 2,Screening,Jan 21,12:00 PM  MST,Megaplex Theatres at The Gateway - Theater 8/9,Salt Lake City
https://festival.sundance.org/program/short-info/6574ede1e8eef55d8719d676,Short Film Program 2,Screening,Jan 24,11:00 AM  MST,Redstone Cinemas - 1,Park City
https://festival.sundance.org/program/short-info/6574ede1e8eef55d8719d676,Short Film Program 2,Screening,Jan 27,10:00 AM  MST,Megaplex Theatres at The Gateway - Theater 6,Salt Lake City
https://festival.sundance.org/program/short-info/6574ede1e8eef55d8719d676,Short Film Program 2,Screening,Jan 28,9:00 AM  MST,Holiday Village Cinemas - 1,Park City
https://festival.sundance.org/program/short-info/6574ee22e8eef556bf19d6a4,Short Film Program 3,Premiere,Jan 20,1:00 PM  MST,Egyptian Theatre,Park City
https://festival.sundance.org/program/short-info/6574ee22e8eef556bf19d6a4,Short Film Program 3,Screening,Jan 21,10:00 AM  MST,Broadway Centre Cinemas - 3,Salt Lake City
https://festival.sundance.org/program/short-info/6574ee22e8eef556bf19d6a4,Short Film Program 3,Screening,Jan 24,2:00 PM  MST,Redstone Cinemas - 1,Park City
https://festival.sundance.org/program/short-info/6574ee22e8eef556bf19d6a4,Short Film Program 3,Screening,Jan 27,1:00 PM  MST,Megaplex Theatres at The Gateway - Theater 6,Salt Lake City
https://festival.sundance.org/program/short-info/6574ee22e8eef556bf19d6a4,Short Film Program 3,Screening,Jan 28,7:30 PM  MST,Holiday Village Cinemas - 1,Park City
https://festival.sundance.org/program/short-info/6574ee51e8eef5a40419d6d0,Short Film Program 4,Premiere,Jan 21,12:15 PM  MST,Prospector Square Theatre,Park City
https://festival.sundance.org/program/short-info/6574ee51e8eef5a40419d6d0,Short Film Program 4,Screening,Jan 22,5:30 PM  MST,Megaplex Theatres at The Gateway - Theater 6,Salt Lake City
https://festival.sundance.org/program/short-info/6574ee51e8eef5a40419d6d0,Short Film Program 4,Screening,Jan 25,12:00 PM  MST,Redstone Cinemas - 7,Park City
https://festival.sundance.org/program/short-info/6574ee51e8eef5a40419d6d0,Short Film Program 4,Screening,Jan 27,4:00 PM  MST,Megaplex Theatres at The Gateway - Theater 6,Salt Lake City
https://festival.sundance.org/program/short-info/6574ee51e8eef5a40419d6d0,Short Film Program 4,Screening,Jan 28,1:30 PM  MST,Holiday Village Cinemas - 2,Park City
https://festival.sundance.org/program/short-info/6574eea6e8eef589b419d704,Short Film Program 5,Premiere,Jan 21,6:15 PM  MST,Egyptian Theatre,Park City
https://festival.sundance.org/program/short-info/6574eea6e8eef589b419d704,Short Film Program 5,Screening,Jan 22,8:30 PM  MST,Megaplex Theatres at The Gateway - Theater 6,Salt Lake City
https://festival.sundance.org/program/short-info/6574eea6e8eef589b419d704,Short Film Program 5,Screening,Jan 25,9:30 PM  MST,Redstone Cinemas - 7,Park City
https://festival.sundance.org/program/short-info/6574eea6e8eef589b419d704,Short Film Program 5,Screening,Jan 27,7:00 PM  MST,Megaplex Theatres at The Gateway - Theater 6,Salt Lake City
https://festival.sundance.org/program/short-info/6574eea6e8eef589b419d704,Short Film Program 5,Screening,Jan 28,9:30 AM  MST,Holiday Village Cinemas - 3,Park City
https://festival.sundance.org/program/film/656a07f5fac9f47042c046b0,Skywalkers: A Love Story,Premiere,Jan 18,9:45 PM MST,The Ray Theatre,Park City
https://festival.sundance.org/program/film/656a07f5fac9f47042c046b0,Skywalkers: A Love Story,Screening,Jan 19,11:30 AM MST,Redstone Cinemas - 2,Park City
https://festival.sundance.org/program/film/656a07f5fac9f47042c046b0,Skywalkers: A Love Story,Screening,Jan 20,3:00 PM MST,Megaplex Theatres at The Gateway - Theater 8/9,Salt Lake City
https://festival.sundance.org/program/film/656a07f5fac9f47042c046b0,Skywalkers: A Love Story,Screening,Jan 24,4:45 PM MST,Library Center Theatre,Park City
https://festival.sundance.org/program/film/656a0004fac9f4ecdec03dfe,Soundtrack to a Coup d'Etat,Premiere,Jan 22,6:15 PM MST,Egyptian Theatre,Park City
https://festival.sundance.org/program/film/656a0004fac9f4ecdec03dfe,Soundtrack to a Coup d'Etat,Screening,Jan 23,3:15 PM MST,Redstone Cinemas - 7,Park City
https://festival.sundance.org/program/film/656a0004fac9f4ecdec03dfe,Soundtrack to a Coup d'Etat,Screening,Jan 25,1:30 PM MST,Redstone Cinemas - 1,Park City
https://festival.sundance.org/program/film/656a0004fac9f4ecdec03dfe,Soundtrack to a Coup d'Etat,Screening,Jan 26,5:00 PM MST,Megaplex Theatres at The Gateway - Theater 6,Salt Lake City
https://festival.sundance.org/program/film/656a0147fac9f4878ec040b0,Stress Positions,Premiere,Jan 18,3:45 PM MST,Library Center Theatre,Park City
https://festival.sundance.org/program/film/656a0147fac9f4878ec040b0,Stress Positions,Screening,Jan 19,9:00 AM MST,The Ray Theatre,Park City
https://festival.sundance.org/program/film/656a0147fac9f4878ec040b0,Stress Positions,Screening,Jan 21,4:45 PM MST,Broadway Centre Cinemas - 6,Salt Lake City
https://festival.sundance.org/program/film/656a0147fac9f4878ec040b0,Stress Positions,Screening,Jan 25,10:30 AM MST,Redstone Cinemas - 1,Park City
https://festival.sundance.org/program/film/656a0c12fac9f4b4a0c04aa3,Sue Bird: In The Clutch,Premiere,Jan 21,4:30 PM MST,Eccles Theatre,Park City
https://festival.sundance.org/program/film/656a0c12fac9f4b4a0c04aa3,Sue Bird: In The Clutch,Screening,Jan 22,5:15 PM MST,Redstone Cinemas - 1,Park City
https://festival.sundance.org/program/film/656a0c12fac9f4b4a0c04aa3,Sue Bird: In The Clutch,Screening,Jan 23,8:15 PM MST,Broadway Centre Cinemas - 3,Salt Lake City
https://festival.sundance.org/program/film/656a0c12fac9f4b4a0c04aa3,Sue Bird: In The Clutch,Screening,Jan 24,8:00 PM MST,Library Center Theatre,Park City
https://festival.sundance.org/program/film/656a0c12fac9f4b4a0c04aa3,Sue Bird: In The Clutch,Screening,Jan 25,6:00 PM MST,Megaplex Theatres at The Gateway - Theater 1/2/3,Salt Lake City
https://festival.sundance.org/program/film/656a0c12fac9f4b4a0c04aa3,Sue Bird: In The Clutch,Screening,Jan 27,2:30 PM MST,Redstone Cinemas - 2,Park City
https://festival.sundance.org/program/film/656a0808fac9f44676c046df,Sugarcane,Premiere,Jan 20,2:45 PM MST,Library Center Theatre,Park City
https://festival.sundance.org/program/film/656a0808fac9f44676c046df,Sugarcane,Screening,Jan 21,3:15 PM MST,Redstone Cinemas - 7,Park City
https://festival.sundance.org/program/film/656a0808fac9f44676c046df,Sugarcane,Screening,Jan 22,5:00 PM MST,Broadway Centre Cinemas - 3,Salt Lake City
https://festival.sundance.org/program/film/656a0808fac9f44676c046df,Sugarcane,Screening,Jan 25,9:30 AM MST,Holiday Village Cinemas - 2,Park City
https://festival.sundance.org/program/film/656a02eefac9f47fe6c043a4,Sujo,Premiere,Jan 19,12:15 PM MST,The Ray Theatre,Park City
https://festival.sundance.org/program/film/656a02eefac9f47fe6c043a4,Sujo,Screening,Jan 20,12:00 PM MST,Redstone Cinemas - 7,Park City
https://festival.sundance.org/program/film/656a02eefac9f47fe6c043a4,Sujo,Screening,Jan 20,6:15 PM MST,Megaplex Theatres at The Gateway - Theater 8/9,Salt Lake City
https://festival.sundance.org/program/film/656a02eefac9f47fe6c043a4,Sujo,Screening,Jan 24,6:30 PM MST,Megaplex Theatres at The Gateway - Theater 8/9,Salt Lake City
https://festival.sundance.org/program/film/656a02eefac9f47fe6c043a4,Sujo,Screening,Jan 26,1:00 PM MST,Holiday Village Cinemas - 3,Park City
https://festival.sundance.org/program/film/656a0153fac9f430e7c040ed,Suncoast,Premiere,Jan 21,3:00 PM MST,Library Center Theatre,Park City
https://festival.sundance.org/program/film/656a0153fac9f430e7c040ed,Suncoast,Screening,Jan 22,9:00 AM MST,The Ray Theatre,Park City
https://festival.sundance.org/program/film/656a0153fac9f430e7c040ed,Suncoast,Screening,Jan 24,6:00 PM MST,Rose Wagner Center,Salt Lake City
https://festival.sundance.org/program/film/656a0153fac9f430e7c040ed,Suncoast,Screening,Jan 25,6:00 PM MST,Redstone Cinemas - 7,Park City
https://festival.sundance.org/program/film/6569fbd7fac9f47d1bc036e1,Super/Man: The Christopher Reeve Story,Screening,Jan 21,9:00 AM MST,The Ray Theatre,Park City
https://festival.sundance.org/program/film/6569fbd7fac9f47d1bc036e1,Super/Man: The Christopher Reeve Story,Screening,Jan 24,3:15 PM MST,Redstone Cinemas - 7,Park City
https://festival.sundance.org/program/film/6569fbd7fac9f47d1bc036e1,Super/Man: The Christopher Reeve Story,Screening,Jan 26,9:30 AM MST,Library Center Theatre,Park City
https://festival.sundance.org/program/film/6569fbd7fac9f47d1bc036e1,Super/Man: The Christopher Reeve Story,Screening,Jan 27,10:00 PM MST,Megaplex Theatres at The Gateway - Theater 8/9,Salt Lake City
https://festival.sundance.org/program/film/6569fbd7fac9f47d1bc036e1,Super/Man: The Christopher Reeve Story,Screening,Jan 28,12:30 PM MST,Holiday Village Cinemas - 3,Park City
https://festival.sundance.org/program/film/6569fe9efac9f44127c03b27,Tendaberry,Premiere,Jan 21,7:00 PM MST,The Ray Theatre,Park City
https://festival.sundance.org/program/film/6569fe9efac9f44127c03b27,Tendaberry,Screening,Jan 22,3:15 PM MST,Redstone Cinemas - 7,Park City
https://festival.sundance.org/program/film/6569fe9efac9f44127c03b27,Tendaberry,Screening,Jan 25,3:30 PM MST,Egyptian Theatre,Park City
https://festival.sundance.org/program/film/6569fe9efac9f44127c03b27,Tendaberry,Screening,Jan 26,5:00 PM MST,Broadway Centre Cinemas - 3,Salt Lake City
https://festival.sundance.org/program/film/6569ff27fac9f446d2c03b90,The  Moogai,Premiere,Jan 21,10:30 PM MST,The Ray Theatre,Park City
https://festival.sundance.org/program/film/6569ff27fac9f446d2c03b90,The  Moogai,Screening,Jan 22,9:00 PM MST,Redstone Cinemas - 2,Park City
https://festival.sundance.org/program/film/6569ff27fac9f446d2c03b90,The  Moogai,Screening,Jan 25,9:00 PM MST,Broadway Centre Cinemas - 6,Salt Lake City
https://festival.sundance.org/program/film/6569ff27fac9f446d2c03b90,The  Moogai,Screening,Jan 27,9:15 PM MST,Redstone Cinemas - 2,Park City
https://festival.sundance.org/program/film/65761c402775908326c98251,The 40th Edition Short Film Show with Mark & Jay Duplass,Premiere,Jan 23,6:30 PM MST,Egyptian Theatre,Park City
https://festival.sundance.org/program/film/6569fd77fac9f43da0c039b1,The American Society of Magical Negroes,Premiere,Jan 19,3:00 PM MST,Eccles Theatre,Park City
https://festival.sundance.org/program/film/6569fd77fac9f43da0c039b1,The American Society of Magical Negroes,Screening,Jan 20,11:30 AM MST,Redstone Cinemas - 2,Park City
https://festival.sundance.org/program/film/6569fd77fac9f43da0c039b1,The American Society of Magical Negroes,Screening,Jan 21,2:30 PM MST,Rose Wagner Center,Salt Lake City
https://festival.sundance.org/program/film/6569fd77fac9f43da0c039b1,The American Society of Magical Negroes,Screening,Jan 25,7:15 PM MST,The Ray Theatre,Park City
https://festival.sundance.org/program/film/6569fd77fac9f43da0c039b1,The American Society of Magical Negroes,Screening,Jan 27,4:45 PM MST,Broadway Centre Cinemas - 6,Salt Lake City
https://festival.sundance.org/program/film/6569fd77fac9f43da0c039b1,The American Society of Magical Negroes,Screening,Jan 28,7:30 PM MST,The Ray Theatre,Park City
https://festival.sundance.org/program/film/6573b5f88c1a1fe63001b2c6,The Babadook,Screening,Jan 19,9:15 PM MST,Broadway Centre Cinemas - 6,Salt Lake City
https://festival.sundance.org/program/film/6573b5f88c1a1fe63001b2c6,The Babadook,Screening,Jan 25,10:30 PM MST,The Ray Theatre,Park City
https://festival.sundance.org/program/film/6569ffc5fac9f421a1c03cfc,The Battle for Laikipia,Premiere,Jan 21,3:00 PM MST,Egyptian Theatre,Park City
https://festival.sundance.org/program/film/6569ffc5fac9f421a1c03cfc,The Battle for Laikipia,Screening,Jan 22,2:30 PM MST,Redstone Cinemas - 2,Park City
https://festival.sundance.org/program/film/6569ffc5fac9f421a1c03cfc,The Battle for Laikipia,Screening,Jan 23,5:30 PM MST,Megaplex Theatres at The Gateway - Theater 6,Salt Lake City
https://festival.sundance.org/program/film/6569ffc5fac9f421a1c03cfc,The Battle for Laikipia,Screening,Jan 25,5:00 PM MST,Holiday Village Cinemas - 1,Park City
https://festival.sundance.org/program/film/656a00e2842a92472ecd35e5,The Mother of All Lies,Premiere,Jan 22,12:15 PM MST,Prospector Square Theatre,Park City
https://festival.sundance.org/program/film/656a00e2842a92472ecd35e5,The Mother of All Lies,Screening,Jan 24,2:30 PM MST,Redstone Cinemas - 2,Park City
https://festival.sundance.org/program/film/656a00e2842a92472ecd35e5,The Mother of All Lies,Screening,Jan 27,3:30 PM MST,Redstone Cinemas - 7,Park City
https://festival.sundance.org/program/film/656a00e2842a92472ecd35e5,The Mother of All Lies,Screening,Jan 28,5:00 PM MST,Megaplex Theatres at The Gateway - Theater 6,Salt Lake City
https://festival.sundance.org/program/film/6569fcf9fac9f46ec2c03908,The Outrun,Premiere,Jan 19,6:00 PM MST,Library Center Theatre,Park City
https://festival.sundance.org/program/film/6569fcf9fac9f46ec2c03908,The Outrun,Screening,Jan 20,6:00 PM MST,Redstone Cinemas - 2,Park City
https://festival.sundance.org/program/film/6569fcf9fac9f46ec2c03908,The Outrun,Screening,Jan 21,5:30 PM MST,Megaplex Theatres at The Gateway - Theater 1/2/3,Salt Lake City
https://festival.sundance.org/program/film/6569fcf9fac9f46ec2c03908,The Outrun,Screening,Jan 24,9:00 AM MST,The Ray Theatre,Park City
https://festival.sundance.org/program/film/6569fcf9fac9f46ec2c03908,The Outrun,Screening,Jan 27,5:30 PM MST,Redstone Cinemas - 1,Park City
https://festival.sundance.org/program/film/6569fcf9fac9f46ec2c03908,The Outrun,Screening,Jan 28,6:45 PM MST,Broadway Centre Cinemas - 3,Salt Lake City
https://festival.sundance.org/program/film/6569fcb4fac9f4b00bc038b8,The Synanon Fix,Premiere,Jan 21,6:30 PM MST,Prospector Square Theatre,Park City
https://festival.sundance.org/program/film/6569fcb4fac9f4b00bc038b8,The Synanon Fix,Screening,Jan 22,9:15 PM MST,Broadway Centre Cinemas - 6,Salt Lake City
https://festival.sundance.org/program/film/6569fcb4fac9f4b00bc038b8,The Synanon Fix,Screening,Jan 28,4:00 PM MST,Holiday Village Cinemas - 3,Park City
https://festival.sundance.org/program/film/6573b6048c1a1ffe8a01b32a,The Times of Harvey Milk,Screening,Jan 19,5:45 PM MST,Broadway Centre Cinemas - 6,Salt Lake City
https://festival.sundance.org/program/film/6573b6048c1a1ffe8a01b32a,The Times of Harvey Milk,Premiere,Jan 25,12:15 PM MST,Egyptian Theatre,Park City
https://festival.sundance.org/program/film/656a042a842a920a3dcd379c,Thelma,Premiere,Jan 18,6:30 PM MST,The Ray Theatre,Park City
https://festival.sundance.org/program/film/656a042a842a920a3dcd379c,Thelma,Screening,Jan 19,9:00 AM MST,Prospector Square Theatre,Park City
https://festival.sundance.org/program/film/656a042a842a920a3dcd379c,Thelma,Screening,Jan 20,9:00 PM MST,Rose Wagner Center,Salt Lake City
https://festival.sundance.org/program/film/656a042a842a920a3dcd379c,Thelma,Screening,Jan 23,1:15 PM MST,Eccles Theatre,Park City
https://festival.sundance.org/program/film/656a042a842a920a3dcd379c,Thelma,Screening,Jan 27,6:45 PM MST,Redstone Cinemas - 7,Park City
https://festival.sundance.org/program/film/656a042a842a920a3dcd379c,Thelma,Screening,Jan 28,1:15 PM MST,Broadway Centre Cinemas - 6,Salt Lake City
https://festival.sundance.org/program/film/6573b6108c1a1f8d3801b370,Three Seasons,Screening,Jan 20,10:30 AM MST,Broadway Centre Cinemas - 6,Salt Lake City
https://festival.sundance.org/program/film/6573b6108c1a1f8d3801b370,Three Seasons,Premiere,Jan 25,7:00 PM MST,Egyptian Theatre,Park City
https://festival.sundance.org/program/film/65760d7d277590bfbac9756e,U.S. Documentary Special Jury Award #1,Award Winner,Jan 27,11:00 AM MST,Rose Wagner Center,Salt Lake City
https://festival.sundance.org/program/film/65760dc32775904732c97622,U.S. Documentary Special Jury Award #2,Award Winner,Jan 27,6:00 PM MST,Megaplex Theatres at The Gateway - Theater 1/2/3,Salt Lake City
https://festival.sundance.org/program/film/657614fc277590acc4c97a50,U.S. Dramatic Special Jury Award #1,Award Winner,Jan 27,2:30 PM MST,Rose Wagner Center,Salt Lake City
https://festival.sundance.org/program/film/6576153f27759011dec97abd,U.S. Dramatic Special Jury Award #2,Award Winner,Jan 27,9:30 PM MST,Megaplex Theatres at The Gateway - Theater 1/2/3,Salt Lake City
https://festival.sundance.org/program/film/65750254e8eef598c019fcac,U.S. Grand Jury Prize: Documentary,Award Winner,Jan 27,12:30 PM MST,The Ray Theatre,Park City
https://festival.sundance.org/program/film/657502b3e8eef52fcf19fd0c,U.S. Grand Jury Prize: Dramatic,Award Winner,Jan 27,7:30 PM MST,The Ray Theatre,Park City
https://festival.sundance.org/program/film/656a082ffac9f4cdaac04734,Union,Premiere,Jan 21,11:30 AM MST,Library Center Theatre,Park City
https://festival.sundance.org/program/film/656a082ffac9f4cdaac04734,Union,Screening,Jan 22,12:00 PM MST,Redstone Cinemas - 7,Park City
https://festival.sundance.org/program/film/656a082ffac9f4cdaac04734,Union,Screening,Jan 23,5:00 PM MST,Broadway Centre Cinemas - 3,Salt Lake City
https://festival.sundance.org/program/film/656a082ffac9f4cdaac04734,Union,Screening,Jan 25,9:00 AM MST,Egyptian Theatre,Park City
https://festival.sundance.org/program/film/656a0365fac9f41ab9c043ec,Veni Vidi Vici,Premiere,Jan 18,7:15 PM MST,Egyptian Theatre,Park City
https://festival.sundance.org/program/film/656a0365fac9f41ab9c043ec,Veni Vidi Vici,Screening,Jan 19,11:00 AM MST,Redstone Cinemas - 1,Park City
https://festival.sundance.org/program/film/656a0365fac9f41ab9c043ec,Veni Vidi Vici,Screening,Jan 20,1:30 PM MST,Megaplex Theatres at The Gateway - Theater 6,Salt Lake City
https://festival.sundance.org/program/film/656a0365fac9f41ab9c043ec,Veni Vidi Vici,Screening,Jan 26,9:45 PM MST,Redstone Cinemas - 7,Park City
https://festival.sundance.org/program/film/6576185e277590d842c97e7c,Waldo Salt Screenwriting Award: U.S. Dramatic,Award Winner,Jan 28,4:30 PM MST,Library Center Theatre,Park City
https://festival.sundance.org/program/film/6569fa68fac9f4522ac0337c,War Game,Premiere,Jan 23,12:15 PM MST,Prospector Square Theatre,Park City
https://festival.sundance.org/program/film/6569fa68fac9f4522ac0337c,War Game,Screening,Jan 24,8:45 PM MST,Broadway Centre Cinemas - 6,Salt Lake City
https://festival.sundance.org/program/film/6569fa68fac9f4522ac0337c,War Game,Screening,Jan 26,11:30 AM MST,Redstone Cinemas - 2,Park City
https://festival.sundance.org/program/film/6569fbeffac9f48117c03722,Will & Harper,Premiere,Jan 22,7:30 PM MST,Eccles Theatre,Park City
https://festival.sundance.org/program/film/6569fbeffac9f48117c03722,Will & Harper,Screening,Jan 23,9:00 AM MST,The Ray Theatre,Park City
https://festival.sundance.org/program/film/6569fbeffac9f48117c03722,Will & Harper,Screening,Jan 25,9:30 PM MST,Megaplex Theatres at The Gateway - Theater 1/2/3,Salt Lake City
https://festival.sundance.org/program/film/6569fbeffac9f48117c03722,Will & Harper,Screening,Jan 26,9:30 AM MST,Holiday Village Cinemas - 3,Park City
https://festival.sundance.org/program/film/6569fbeffac9f48117c03722,Will & Harper,Screening,Jan 27,5:45 PM MST,Redstone Cinemas - 2,Park City
https://festival.sundance.org/program/film/6569fbeffac9f48117c03722,Will & Harper,Screening,Jan 28,4:30 PM MST,Broadway Centre Cinemas - 6,Salt Lake City
https://festival.sundance.org/program/film/656a03cb842a921789cd371a,Winner,Premiere,Jan 20,3:30 PM MST,The Ray Theatre,Park City
https://festival.sundance.org/program/film/656a03cb842a921789cd371a,Winner,Screening,Jan 21,12:00 PM MST,Redstone Cinemas - 7,Park City
https://festival.sundance.org/program/film/656a03cb842a921789cd371a,Winner,Screening,Jan 22,6:00 PM MST,Rose Wagner Center,Salt Lake City
https://festival.sundance.org/program/film/656a03cb842a921789cd371a,Winner,Screening,Jan 23,4:30 PM MST,Eccles Theatre,Park City
https://festival.sundance.org/program/film/656a03cb842a921789cd371a,Winner,Screening,Jan 28,6:30 PM MST,Megaplex Theatres at The Gateway - Theater 8/9,Salt Lake City
https://festival.sundance.org/program/film/6576160f2775904121c97b3c,World Cinema Documentary Special Jury Award #1,Award Winner,Jan 27,12:30 PM MST,Broadway Centre Cinemas - 3,Salt Lake City
https://festival.sundance.org/program/film/657616462775900e60c97b9c,World Cinema Documentary Special Jury Award #2,Award Winner,Jan 27,4:00 PM MST,Broadway Centre Cinemas - 3,Salt Lake City
https://festival.sundance.org/program/film/657616be27759031bbc97c31,World Cinema Dramatic Special Jury Award #1,Award Winner,Jan 27,2:30 PM MST,Megaplex Theatres at The Gateway - Theater 1/2/3,Salt Lake City
https://festival.sundance.org/program/film/6576172f27759059dac97cb9,World Cinema Dramatic Special Jury Award #2,Award Winner,Jan 27,11:00 AM MST,Megaplex Theatres at The Gateway - Theater 1/2/3,Salt Lake City
https://festival.sundance.org/program/film/65750308e8eef553d219fd76,World Cinema Grand Jury Prize: Documentary,Award Winner,Jan 27,4:30 PM MST,Library Center Theatre,Park City
https://festival.sundance.org/program/film/65750379e8eef54af819fddf,World Cinema Grand Jury Prize: Dramatic,Award Winner,Jan 27,8:00 PM MST,Library Center Theatre,Park City
https://festival.sundance.org/program/film/6569ff37fac9f46eddc03bcb,Your Monster,Premiere,Jan 18,10:15 PM MST,Egyptian Theatre,Park City
https://festival.sundance.org/program/film/6569ff37fac9f46eddc03bcb,Your Monster,Screening,Jan 19,8:30 PM MST,Redstone Cinemas - 1,Park City
https://festival.sundance.org/program/film/6569ff37fac9f46eddc03bcb,Your Monster,Screening,Jan 20,7:30 PM MST,Broadway Centre Cinemas - 3,Salt Lake City
https://festival.sundance.org/program/film/6569ff37fac9f46eddc03bcb,Your Monster,Screening,Jan 25,4:30 PM MST,Library Center Theatre,Park City
https://festival.sundance.org/program/film/6569ff37fac9f46eddc03bcb,Your Monster,Screening,Jan 26,9:00 PM MST,Rose Wagner Center,Salt Lake City
https://festival.sundance.org/program/film/656a03bb842a92bf7ecd36f2,àma Gloria,Premiere,Jan 23,11:00 AM MST,Library Center Theatre,Park City
https://festival.sundance.org/program/film/656a03bb842a92bf7ecd36f2,àma Gloria,Screening,Jan 23,10:00 PM MST,Megaplex Theatres at The Gateway - Theater 8/9,Salt Lake City
https://festival.sundance.org/program/film/656a03bb842a92bf7ecd36f2,àma Gloria,Screening,Jan 26,10:00 AM MST,Holiday Village Cinemas - 2,Park City
https://festival.sundance.org/program/film/656a03bb842a92bf7ecd36f2,àma Gloria,Screening,Jan 27,11:30 AM MST,Redstone Cinemas - 2,Park City
https://festival.sundance.org/program/film/656a03bb842a92bf7ecd36f2,àma Gloria,Screening,Jan 28,1:30 PM MST,Megaplex Theatres at The Gateway - Theater 6,Salt Lake City
